,./add_tap_rev.exe,./add_tap_for.exe,./add_diff.exe,./add_diff_dps.exe,python micro.py add,mono add_fsharp_for.exe,mono add_fsharp_rev.exe
50,0.0051,0.0231,0.0121,0.0041,0.6591,4.5,4.3
100,0.0173,0.0902,0.0471,0.0197,1.1149,8.5,7.7
200,0.0679,0.357,0.1627,0.0681,2.3357,26.3,21.1
400,0.2497,1.259,0.6576,0.2432,4.6476,100.7,74.6
800,1.1714,4.8106,2.7678,1.0262,10.6485,409.4,289.2
1600,5.4502,18.1869,11.0425,4.5728,29.7483,2698.7,1376.4
3200,24.3024,74.011102,45.037,20.315199,77.5637,12253.3,5587.1
6400,94.869098,286.504102,171.980603,76.256702,271.6513,80007.3,29882.0
