,./ba_proj_tap_rev.exe,./ba_proj_tap_for.exe,./ba_proj_diff_nofusion.exe,./ba_proj_diff_nonmotion.exe,./ba_proj_diff_nomotion.exe,./ba_proj_diff.exe,./ba_proj_diff_dps.exe,python micro.py ba,mono ba_fsharp_for.exe,mono ba_fsharp_rev.exe
29,0.1274,0.0632,0.0582,0.0196,0.0128,0.012,0.0114,16.2774,21.8,9.8
47,0.486,0.118,0.1018,0.033,0.0206,0.0218,0.0168,37.3444,8.8,12.8
86,2.0182,0.2368,0.2176,0.0652,0.046,0.0398,0.037,146.5542,9.6,26.0
161,7.9272,0.444,0.4378,0.1254,0.0868,0.0836,0.0638,573.399,11.8,77.4
311,32.445001,0.9666,0.8096,0.2614,0.1644,0.164,0.1578,2239.2756,16.6,292.0
611,126.391394,1.823,1.646,0.5194,0.3266,0.3226,0.3224,8556.2508,25.2,1271.2
1211,511.79541,3.869,3.537,0.9402,0.6826,0.5794,0.5884,34412.654,42.6,6274.0
2411,1998.687891,7.5036,6.927,1.815,1.323,1.3164,1.11,135296.43,79.2,40291.0
