,./ba_proj_tap_rev.exe,./ba_proj_tap_for.exe,./ba_proj_diff_fused_nomotion.exe,./ba_proj_diff_fused.exe,./ba_proj_diff_fused_dps.exe,python micro.py ba,mono ba_fsharp_for.exe,mono ba_fsharp_rev.exe
29,0.1154,0.062,0.0167,0.0109,0.0105,11.3555,4.1,5.1
47,0.4251,0.1054,0.0304,0.0201,0.0175,37.9922,5.4,8.7
86,1.9873,0.2448,0.059,0.0395,0.0408,137.2983,5.7,20.9
161,7.6481,0.4246,0.1267,0.0711,0.0664,534.3468,8.1,73.2
311,33.251099,0.9989,0.243,0.1504,0.1494,1996.9967,11.9,267.4
611,118.247705,1.7445,0.4535,0.2857,0.2622,8302.0909,20.6,1173.4
1211,479.561816,3.7294,0.9338,0.5742,0.5361,33012.7863,38.7,6308.8
2411,1953.407813,7.1972,1.8741,1.1533,1.01,,75.3,28779.5
