,./ba_proj_tap_rev.exe,./ba_proj_tap_for.exe,./ba_proj_diff_fused_nomotion.exe,./ba_proj_diff_fused.exe,./ba_proj_diff_fused_dps.exe,python micro.py ba,mono ba_fsharp_for.exe,mono ba_fsharp_rev.exe
29,0.1098,0.0532,0.0157,0.0095,0.0086,10.7731,4.0,5.5
47,0.4585,0.1025,0.0327,0.021,0.0175,34.7707,4.5,7.8
86,1.8981,0.2121,0.0645,0.0403,0.0359,136.9463,5.6,20.9
161,7.537,0.4584,0.1142,0.0722,0.0641,512.1887,7.7,67.3
311,29.991901,0.8905,0.2302,0.1509,0.1392,1992.7765,11.6,264.0
611,118.150806,1.8599,0.4551,0.2968,0.2639,7833.143,19.7,1106.2
1211,464.995703,3.3241,0.9088,0.545,0.5744,31061.4364,37.2,5835.5
2411,1909.414648,7.0367,1.7605,1.1559,1.1041,,75.5,27308.6
