,./ba_proj_tap_rev.exe,./ba_proj_tap_for.exe,./ba_proj_diff_nonmotion.exe,./ba_proj_diff_nomotion.exe,./ba_proj_diff.exe,./ba_proj_diff_dps.exe,python micro.py ba,mono ba_fsharp_for.exe,mono ba_fsharp_rev.exe
29,0.1277,0.0601,0.0171,0.0113,0.0111,0.012,10.8728,5.6,5.3
47,0.4745,0.103,0.0323,0.0207,0.0192,0.0164,35.741,4.7,8.5
86,1.9224,0.2475,0.0582,0.0417,0.0424,0.036,143.0638,6.3,21.1
161,7.8645,0.5209,0.1282,0.0857,0.0769,0.0868,540.4934,8.3,70.4
311,31.4854,0.8961,0.2535,0.1627,0.1622,0.1394,2063.1905,12.1,274.6
611,125.289795,1.895,0.4682,0.3105,0.3012,0.2836,8605.7109,24.5,1272.8
1211,493.893018,3.7179,0.9326,0.5932,0.6028,0.5094,33378.6809,37.6,6134.5
2411,1936.119531,7.5937,2.1689,1.1945,1.1367,1.0792,,81.8,28198.5
