,./max_tap_rev.exe,./max_tap_for.exe,./max_diff.exe,./max_diff_dps.exe,python micro.py max,mono max_fsharp_for.exe,mono max_fsharp_rev.exe
800,0.0063,2.518,0.0111,0.0047,0.0672,59.9,3.6
1600,0.0086,9.0883,0.014,0.0091,0.0764,454.5,3.2
3200,0.0153,41.373599,0.0264,0.0178,0.0786,1900.9,4.5
6400,0.0336,162.747705,0.05,0.038,0.1125,7523.3,5.0
12800,0.0781,613.403516,0.1096,0.0719,0.1035,29543.1,6.7
25600,0.1675,2372.967578,0.186,0.1232,0.1595,112758.2,14.0
51200,0.2664,9270.933594,0.6333,0.2654,0.2167,,21.1
