,./ba_proj_tap_rev.exe,./ba_proj_tap_for.exe,./ba_proj_diff_fused_nomotion.exe,./ba_proj_diff_fused.exe,./ba_proj_diff_fused_dps.exe,mono ba_fsharp_for.exe,mono ba_fsharp_rev.exe
29,0.0208,0.0251,0.0544,0.0192,0.0173,3.0,2.9
47,0.0747,0.0778,0.1795,0.062,0.0532,5.4,5.1
86,1.4163,1.3397,2.3337,0.4467,0.3529,15.8,14.7
161,1.2735,1.1196,2.3738,0.8516,0.7368,50.9,52.0
311,5.1417,4.2137,8.9297,3.3165,2.8453,193.1,203.5
611,20.4683,16.5164,34.8017,12.7872,10.9869,765.3,849.5
1211,98.623901,65.286298,137.246594,50.120001,42.793799,3306.8,4198.8
2411,418.590283,260.031494,542.913916,195.124194,168.427905,20311.6,21663.7
