,./ba_proj_tap_rev.exe,./ba_proj_tap_for.exe,./ba_proj_diff_fused_nomotion.exe,./ba_proj_diff_fused.exe,./ba_proj_diff_fused_dps.exe,python micro.py ba,mono ba_fsharp_for.exe,mono ba_fsharp_rev.exe
29,0.0211,0.0108,0.0209,0.0079,0.0065,5.7821,2.2,2.8
47,0.0766,0.0185,0.0376,0.0118,0.0106,19.1931,2.6,4.8
86,0.305,0.0446,0.0812,0.0238,0.0209,73.0045,3.5,14.0
161,1.2018,0.0729,0.1619,0.0474,0.0406,276.5071,5.1,47.7
311,4.7858,0.1491,0.3164,0.1024,0.0822,1059.8618,8.6,182.0
611,18.9998,0.2969,0.6269,0.1984,0.1665,4222.9597,15.0,748.0
1211,77.057501,0.582,1.2771,0.4166,0.3332,17011.8067,27.8,3595.7
2411,301.719409,1.1912,2.4984,0.7757,0.6973,66369.0181,54.5,17188.8
