,./dot_tap_rev.exe,./dot_tap_for.exe,./dot_diff.exe,./dot_diff_dps.exe,python micro.py dot,mono dot_fsharp_for.exe,mono dot_fsharp_rev.exe
200,4.0E-4,0.0344,7.0E-4,3.0E-4,0.0343,6.7,0.5
400,6.0E-4,0.151,0.0011,6.0E-4,0.0351,24.8,0.7
800,0.0011,0.6345,0.0025,0.001,0.036,99.5,0.9
1600,0.0024,2.569,0.0054,0.0021,0.0378,522.8,7.7
3200,0.0044,10.3019,0.0096,0.0041,0.0413,2096.5,8.5
6400,0.0089,41.0103,0.0187,0.0083,0.0477,8410.1,238.4
12800,0.0181,164.692505,0.037,0.0166,0.0595,33768.3,564.9
25600,0.0409,658.468701,0.0729,0.0342,0.0855,,
