,./max_tap_rev.exe,./max_tap_for.exe,./max_diff.exe,./max_diff_dps.exe,python micro.py max
200,3.0E-4,0.0154,0.001,4.0E-4,0.0318
400,7.0E-4,0.0607,0.0014,8.0E-4,0.0322
800,0.0013,0.2372,0.0028,0.0014,0.0351
1600,0.0025,0.9432,0.0056,0.0028,0.0371
3200,0.0048,3.7768,0.0111,0.0056,0.0461
6400,0.0097,14.9688,0.0218,0.0111,0.0532
12800,0.0191,59.347498,0.0431,0.0221,0.0749
25600,0.0372,237.313989,0.0837,0.0443,0.1176
