,./mults_tap_rev.exe,./mults_tap_for.exe,./mults_diff.exe,./mults_diff_dps.exe,python micro.py mults
200,0.1677,0.0046,0.003,0.0014,0.8401
400,0.1554,0.0019,0.0011,5.0E-4,1.7351
800,0.6334,0.0041,0.0022,0.001,3.8269
1600,2.5461,0.0083,0.0048,0.002,9.6311
3200,10.2292,0.0162,0.0093,0.0041,28.3561
6400,41.006,0.0316,0.0185,0.0083,86.7098
12800,164.352698,0.062,0.0366,0.0162,308.6325
25600,657.383496,0.1287,0.0735,0.0342,1165.8333
