,./nmf_tap_rev_unf.exe,./nmf_tap_for_unf.exe,./nmf_tap_rev.exe,./nmf_tap_for.exe,./nmf_diff.exe,./nmf_diff_dps.exe,python ./NMF.py exponential,mono nmf_fsharp_for.exe,mono nmf_fsharp_rev.exe
100,2.26E-4,0.019847,1.0E-5,0.017873,1.1E-5,1.1E-5,1.12E-4,484.3,18.0
200,6.93E-4,0.062856,2.0E-5,0.035557,2.2E-5,2.1E-5,1.39E-4,1069.3,39.9
400,0.00138,0.129128,4.0E-5,0.071075,5.6E-5,6.4E-5,2.21E-4,2377.4,91.2
800,0.003088,0.262017,8.4E-5,0.142663,1.79E-4,1.78E-4,2.88E-4,5230.3,222.4
1600,0.006167,0.555982,1.83E-4,0.286845,4.88E-4,4.82E-4,4.86E-4,11563.3,581.7
3200,0.013079,1.161098,3.26E-4,0.564498,8.97E-4,9.02E-4,0.001048,26281.9,1645.0
